galaxy,X0_cen,X0_err_cen,Y0_cen,Y0_err_cen,PA_ser,PA_err_ser,ell_ser,ell_err_ser,n_ser,n_err_ser,I_e_ser_counts,I_e_ser_mag,I_e_err_ser_counts,I_e_err_ser_mag,r_e_ser_pix,r_e_ser_kpc,r_e_err_ser_pix,r_e_err_ser_kpc,PA_exp,PA_err_exp,ell_exp,ell_err_exp,I_0_exp_counts,I_0_exp_mag,I_0_err_exp_counts,I_0_err_exp_mag,h_exp_pix,h_exp_kpc,h_err_exp_pix,h_err_exp_kpc,chi2,AIC,BIC,Total_lum_counts,Total_lum_mag,Sersic_lum_counts,Sersic_lum_mag,B/T,Exponential_lum_counts,Exponential_lum_mag,D/T,Total_time_sec
NGC0237,191.6196,0.0097,156.8972,0.0083,136.973,0.19038,0.541139,0.00285,1.42787,0.01775,218.395,19.909,3.4887,24.401,9.7716,0.464,0.10512,0.005,87.8751,0.093401,0.398805,0.0010251,658.522,18.711,2.1113,24.946,23.4771,1.116,0.043055,0.002,2.652,106866.266,106960.906,24370.869,14.79,9154.34,15.853,0.376,15216.53,15.302,0.624,36.99
NGC5443,530.0696,0.0051,178.6565,0.0039,104.897,0.2909,0.191216,0.0018424,2.24226,0.013125,431.235,19.085,4.3759,24.069,8.87703,0.422,0.057011,0.003,108.385,0.019312,0.663932,0.00036395,506.017,18.911,0.9279,25.753,56.8093,2.7,0.065266,0.003,2.569,314449.871,314556.735,80826.025,13.403,52211.63,13.877,0.646,28614.395,14.53,0.354,62.49
NGC6132,185.5376,0.0111,266.9552,0.0228,16.4451,0.046636,0.631349,0.00071079,1.37285,0.0045352,89.487,20.843,0.37385,26.791,39.6403,1.884,0.098894,0.005,92.7016,0.0,0.110335,0.0,1.77636e-15,62.599,0.0,inf,35.2652,1.676,0.0,0.0,2.636,39294.144,39377.833,14335.462,15.331,14335.462,15.331,1.0,0.0,58.769,0.0,33.5
NGC7782,343.7862,0.0223,240.7315,0.0131,99.2446,0.0,0.326878,0.0,1.80771,0.0,293.602,19.445,0.0,inf,0.0,0.0,0.0,0.0,87.532,0.038494,0.431373,0.0004474,592.444,18.683,0.47208,26.429,38.1768,1.814,0.025318,0.001,7.609,841306.994,841412.74,,25.614,,25.614,,22562.563,14.731,,62.63
